workerid,trial_type,question,verb phrase,entire sentence,specific,order:,noun phrase,tgrep id,response
0,single_generic_trial,"In the underlined statement, what group of people is the speaker talking about?",are really concerned,"but, people are really concerned,",recycle,0,people,11134:8,People who
0,single_generic_trial,"In the underlined statement, what group of people is the speaker talking about?",have little cubicles,"and, and people have little cubicles.",have no privacy,0,people,5957:2,People who
0,single_generic_trial,"In the underlined statement, what group of people is the speaker talking about?",seem  to get into different aspects,i mean people seem  to get into different aspects.,travel,0,people,6712:12,"People, when they"
0,single_generic_trial,"In the underlined statement, what group of people is the speaker talking about?",lie,"you know, people lie,",are facing consequences,0,people,14418:14,"People, when they"
0,single_generic_trial,"In the underlined statement, what group of people is the speaker talking about?",say that,"i mean people say that,",talk about the death penalty,0,people,158267:12,"People, when they"
0,single_generic_trial,"In the underlined statement, what group of people is the speaker talking about?",don&quotechart do anything,and people don&quotechart do anything.,witness a crime,0,people,116469:6,"People, when they"
0,single_generic_trial,"In the underlined statement, what group of people is the speaker talking about?",call in,"and, and, and people call in",want to talk to the movie critic,0,people,733:34,People who
0,single_generic_trial,"In the underlined statement, what group of people is the speaker talking about?",are trapped  economically,"but, of course, people are trapped  economically",grow up poor,0,people,24791:16,People who
0,single_generic_trial,"In the underlined statement, what group of people is the speaker talking about?",don&quotechart want  to believe that,and people don&quotechart want  to believe that.,have a gun,0,people,428:6,"People, when they"
0,single_generic_trial,"In the underlined statement, what group of people is the speaker talking about?",get up in the morning in that neighborhood,people get up in the morning in that neighborhood,live near the factory,0,people,11872:4,People who
0,single_generic_trial,"In the underlined statement, what group of people is the speaker talking about?",do seem  to travel more,people do seem  to travel more.,travel,0,people,75242:4,People who
0,single_generic_trial,"In the underlined statement, what group of people is the speaker talking about?","are, real sports conscious","people are, real sports conscious and really get involved with their kids, sports activities and,",have kids in sports,0,people,141184:4,"People, when they"
0,single_generic_trial,"In the underlined statement, what group of people is the speaker talking about?","use fed ex, all the time","and nowadays people use fed ex, all the time.",send packages,0,people,75236:9,People who
0,single_generic_trial,"In the underlined statement, what group of people is the speaker talking about?",don&quotechart have room for that kind of stuff,you know people don&quotechart have room for that kind of stuff.,don&quotechart want more stuff,0,people,23379:12,"People, when they"
0,single_generic_trial,"In the underlined statement, what group of people is the speaker talking about?",are just totally unfeeling,people are just totally unfeeling.,aren&quotechart worried,0,people,22414:4,People who
0,single_generic_trial,"In the underlined statement, what group of people is the speaker talking about?","go, what&quotechars this stuff ","if it does, people go, what&quotechars this stuff .",see snow,0,people,137933:16,"People, when they"
0,single_generic_trial,"In the underlined statement, what group of people is the speaker talking about?",talk about that area,i&quotecharve heard so many people talk about that area.,live in north carolina,0,so many people,76838:19,People who
0,single_generic_trial,"In the underlined statement, what group of people is the speaker talking about?",are crazy,people are crazy.,do crazy stuff,0,people,1415:4,"People, when they"
0,single_generic_trial,"In the underlined statement, what group of people is the speaker talking about?",find ways around,"you know, people find ways around.",smuggle stuff into prison,0,people,13451:14,"People, when they"
0,single_generic_trial,"In the underlined statement, what group of people is the speaker talking about?",think of computers,"or as far as that goes, you know, people think of computers, they think of i b m a lot of times.",think about computers,0,people,618:35,"People, when they"
0,single_generic_trial,"In the underlined statement, what group of people is the speaker talking about?",run in the park,"and, uh, people run in the park,",exercise at night,0,people,22387:13,People who
0,single_generic_trial,"In the underlined statement, what group of people is the speaker talking about?",know that,and technical people know that.,know about technology,0,technical people,9996:8,People who
0,single_generic_trial,"In the underlined statement, what group of people is the speaker talking about?",don&quotechart want  to take responsibility,people don&quotechart want  to take responsibility.,sue people in court,0,people,174356:4,"People, when they"
0,single_generic_trial,"In the underlined statement, what group of people is the speaker talking about?",want all of that,"but, uh people want all of that",want conveniences,0,people,166244:11,"People, when they"
0,single_generic_trial,"In the underlined statement, what group of people is the speaker talking about?",get very upset,"i mean, in other words if the government denies you driving, denies you a driver&quotechars license, people get very upset.",get denied a drivers license,0,people,5727:7,People who
0,single_generic_trial,"In the underlined statement, what group of people is the speaker talking about?",do,"i mean, people do,",have pets,0,people,6276:14,People who
0,single_generic_trial,"In the underlined statement, what group of people is the speaker talking about?",don&quotechart tend  to knock,"people don&quotechart tend  to knock,",enter a home,0,people,175:4,"People, when they"
0,single_generic_trial,"In the underlined statement, what group of people is the speaker talking about?",make mistakes,"hey, people make mistakes.",commit crimes,0,people,4811:9,"People, when they"
1,single_generic_trial,"In the underlined statement, what group of people is the speaker talking about?",know that,and technical people know that.,are technical,1,technical people,9996:8,People who
1,single_generic_trial,"In the underlined statement, what group of people is the speaker talking about?",get very upset,"i mean, in other words if the government denies you driving, denies you a driver&quotechars license, people get very upset.",are denied a privilege,1,people,5727:7,People who
1,single_generic_trial,"In the underlined statement, what group of people is the speaker talking about?",are crazy,people are crazy.,shoot people,1,people,1415:4,People who
1,single_generic_trial,"In the underlined statement, what group of people is the speaker talking about?",are really concerned,"but, people are really concerned,",work at this place,1,people,11134:8,People who
1,single_generic_trial,"In the underlined statement, what group of people is the speaker talking about?",don&quotechart want  to take responsibility,people don&quotechart want  to take responsibility.,sue people,1,people,174356:4,"People, when they"
1,single_generic_trial,"In the underlined statement, what group of people is the speaker talking about?",don&quotechart have room for that kind of stuff,you know people don&quotechart have room for that kind of stuff.,have cans,1,people,23379:12,People who
1,single_generic_trial,"In the underlined statement, what group of people is the speaker talking about?",want all of that,"but, uh people want all of that",are looking for jobs,1,people,166244:11,People who
1,single_generic_trial,"In the underlined statement, what group of people is the speaker talking about?","are, real sports conscious","people are, real sports conscious and really get involved with their kids, sports activities and,",live in Plano,1,people,141184:4,People who
1,single_generic_trial,"In the underlined statement, what group of people is the speaker talking about?",are trapped  economically,"but, of course, people are trapped  economically",live in cities,1,people,24791:16,People who
1,single_generic_trial,"In the underlined statement, what group of people is the speaker talking about?",lie,"you know, people lie,",are on trial,1,people,14418:14,People who
1,single_generic_trial,"In the underlined statement, what group of people is the speaker talking about?",run in the park,"and, uh, people run in the park,",live in Monterrey,1,people,22387:13,People who
1,single_generic_trial,"In the underlined statement, what group of people is the speaker talking about?",find ways around,"you know, people find ways around.",are in jail,1,people,13451:14,People who
1,single_generic_trial,"In the underlined statement, what group of people is the speaker talking about?",do,"i mean, people do,",live in Manhattan,1,people,6276:14,People who
1,single_generic_trial,"In the underlined statement, what group of people is the speaker talking about?",don&quotechart do anything,and people don&quotechart do anything.,see a crime happen,1,people,116469:6,"People, when they"
1,single_generic_trial,"In the underlined statement, what group of people is the speaker talking about?",do seem  to travel more,people do seem  to travel more.,exist,1,people,75242:4,People who
1,single_generic_trial,"In the underlined statement, what group of people is the speaker talking about?",don&quotechart tend  to knock,"people don&quotechart tend  to knock,",are at a door,1,people,175:4,"People, when they"
1,single_generic_trial,"In the underlined statement, what group of people is the speaker talking about?",have little cubicles,"and, and people have little cubicles.",work in offices,1,people,5957:2,People who
1,single_generic_trial,"In the underlined statement, what group of people is the speaker talking about?",make mistakes,"hey, people make mistakes.",go to prison,1,people,4811:9,People who
1,single_generic_trial,"In the underlined statement, what group of people is the speaker talking about?",are just totally unfeeling,people are just totally unfeeling.,grab you,1,people,22414:4,People who
1,single_generic_trial,"In the underlined statement, what group of people is the speaker talking about?",get up in the morning in that neighborhood,people get up in the morning in that neighborhood,live in that neighborhood,1,people,11872:4,People who
1,single_generic_trial,"In the underlined statement, what group of people is the speaker talking about?",don&quotechart want  to believe that,and people don&quotechart want  to believe that.,have guns,1,people,428:6,People who
1,single_generic_trial,"In the underlined statement, what group of people is the speaker talking about?","use fed ex, all the time","and nowadays people use fed ex, all the time.",ship things,1,people,75236:9,"People, when they"
1,single_generic_trial,"In the underlined statement, what group of people is the speaker talking about?",think of computers,"or as far as that goes, you know, people think of computers, they think of i b m a lot of times.",think of computers,1,people,618:35,"People, when they"
1,single_generic_trial,"In the underlined statement, what group of people is the speaker talking about?",call in,"and, and, and people call in",watch a talk show,1,people,733:34,"People, when they"
1,single_generic_trial,"In the underlined statement, what group of people is the speaker talking about?",talk about that area,i&quotecharve heard so many people talk about that area.,talk,1,so many people,76838:19,People who
1,single_generic_trial,"In the underlined statement, what group of people is the speaker talking about?",say that,"i mean people say that,",talk about crime,1,people,158267:12,People who
1,single_generic_trial,"In the underlined statement, what group of people is the speaker talking about?","go, what&quotechars this stuff ","if it does, people go, what&quotechars this stuff .",live in Mississippi,1,people,137933:16,People who
1,single_generic_trial,"In the underlined statement, what group of people is the speaker talking about?",seem  to get into different aspects,i mean people seem  to get into different aspects.,tour places,1,people,6712:12,People who
2,single_generic_trial,"In the underlined statement, what group of people is the speaker talking about?",are just totally unfeeling,people are just totally unfeeling.,commit crimes,0,people,22414:4,People who
2,single_generic_trial,"In the underlined statement, what group of people is the speaker talking about?","use fed ex, all the time","and nowadays people use fed ex, all the time.",are in business.,0,people,75236:9,People who
2,single_generic_trial,"In the underlined statement, what group of people is the speaker talking about?",find ways around,"you know, people find ways around.",want to do something illegal.,0,people,13451:14,"People, when they"
2,single_generic_trial,"In the underlined statement, what group of people is the speaker talking about?",don&quotechart tend  to knock,"people don&quotechart tend  to knock,",are part of her culture.,0,people,175:4,People who
2,single_generic_trial,"In the underlined statement, what group of people is the speaker talking about?",are crazy,people are crazy.,try to hurt animals (cats).,0,people,1415:4,People who
2,single_generic_trial,"In the underlined statement, what group of people is the speaker talking about?",do seem  to travel more,people do seem  to travel more.,are involved in business.,0,people,75242:4,People who
2,single_generic_trial,"In the underlined statement, what group of people is the speaker talking about?",get up in the morning in that neighborhood,people get up in the morning in that neighborhood,live in that neighborhood.,0,people,11872:4,People who
2,single_generic_trial,"In the underlined statement, what group of people is the speaker talking about?",make mistakes,"hey, people make mistakes.",are sentenced to prison.,0,people,4811:9,"People, when they"
2,single_generic_trial,"In the underlined statement, what group of people is the speaker talking about?",don&quotechart want  to take responsibility,people don&quotechart want  to take responsibility.,file frivolous lawsuits.,0,people,174356:4,People who
2,single_generic_trial,"In the underlined statement, what group of people is the speaker talking about?",talk about that area,i&quotecharve heard so many people talk about that area.,have been to North Carolina.,0,so many people,76838:19,People who
2,single_generic_trial,"In the underlined statement, what group of people is the speaker talking about?",do,"i mean, people do,",live in Manhattan and have dogs.,0,people,6276:14,People who
2,single_generic_trial,"In the underlined statement, what group of people is the speaker talking about?",say that,"i mean people say that,",think the death penalty is a deterrent.,0,people,158267:12,People who
2,single_generic_trial,"In the underlined statement, what group of people is the speaker talking about?",don&quotechart do anything,and people don&quotechart do anything.,witness a crime and don&quotechart intervene.,0,people,116469:6,People who
2,single_generic_trial,"In the underlined statement, what group of people is the speaker talking about?",want all of that,"but, uh people want all of that",want to maintain a certain quality of life.,0,people,166244:11,People who
2,single_generic_trial,"In the underlined statement, what group of people is the speaker talking about?",think of computers,"or as far as that goes, you know, people think of computers, they think of i b m a lot of times.",think of computers.,0,people,618:35,"People, when they"
2,single_generic_trial,"In the underlined statement, what group of people is the speaker talking about?",seem  to get into different aspects,i mean people seem  to get into different aspects.,have the same interests as Speaker 1.,0,people,6712:12,People who
2,single_generic_trial,"In the underlined statement, what group of people is the speaker talking about?",are trapped  economically,"but, of course, people are trapped  economically",live in cities and are unable to relocate.,0,people,24791:16,People who
2,single_generic_trial,"In the underlined statement, what group of people is the speaker talking about?",lie,"you know, people lie,",are facing serious consequences.,0,people,14418:14,People who
2,single_generic_trial,"In the underlined statement, what group of people is the speaker talking about?",call in,"and, and, and people call in",listen to the radio show.,0,people,733:34,People who
2,single_generic_trial,"In the underlined statement, what group of people is the speaker talking about?","go, what&quotechars this stuff ","if it does, people go, what&quotechars this stuff .",live in Mississippi.,0,people,137933:16,People who
2,single_generic_trial,"In the underlined statement, what group of people is the speaker talking about?",don&quotechart have room for that kind of stuff,you know people don&quotechart have room for that kind of stuff.,collect cans for recycling.,0,people,23379:12,"People, when they"
2,single_generic_trial,"In the underlined statement, what group of people is the speaker talking about?","are, real sports conscious","people are, real sports conscious and really get involved with their kids, sports activities and,",live in this area of Texas.,0,people,141184:4,People who
2,single_generic_trial,"In the underlined statement, what group of people is the speaker talking about?",run in the park,"and, uh, people run in the park,",live in Monterray.,0,people,22387:13,People who
2,single_generic_trial,"In the underlined statement, what group of people is the speaker talking about?",know that,and technical people know that.,work in scientific fields.,0,technical people,9996:8,People who
2,single_generic_trial,"In the underlined statement, what group of people is the speaker talking about?",are really concerned,"but, people are really concerned,",care about recycling.,0,people,11134:8,People who
2,single_generic_trial,"In the underlined statement, what group of people is the speaker talking about?",don&quotechart want  to believe that,and people don&quotechart want  to believe that.,learn about gun safety.,0,people,428:6,"People, when they"
2,single_generic_trial,"In the underlined statement, what group of people is the speaker talking about?",get very upset,"i mean, in other words if the government denies you driving, denies you a driver&quotechars license, people get very upset.",think about being denied a driver&quotechars license.,0,people,5727:7,"People, when they"
2,single_generic_trial,"In the underlined statement, what group of people is the speaker talking about?",have little cubicles,"and, and people have little cubicles.",work in an open office.,0,people,5957:2,People who
3,single_generic_trial,"In the underlined statement, what group of people is the speaker talking about?",lie,"you know, people lie,",lie,0,people,14418:14,"People, when they"
3,single_generic_trial,"In the underlined statement, what group of people is the speaker talking about?",are trapped  economically,"but, of course, people are trapped  economically",are poor,0,people,24791:16,People who
3,single_generic_trial,"In the underlined statement, what group of people is the speaker talking about?",get very upset,"i mean, in other words if the government denies you driving, denies you a driver&quotechars license, people get very upset.",get denied a driver license,0,people,5727:7,"People, when they"
3,single_generic_trial,"In the underlined statement, what group of people is the speaker talking about?","are, real sports conscious","people are, real sports conscious and really get involved with their kids, sports activities and,",are conscious about their kids sports,0,people,141184:4,People who
3,single_generic_trial,"In the underlined statement, what group of people is the speaker talking about?",know that,and technical people know that.,are technical,0,technical people,9996:8,People who
3,single_generic_trial,"In the underlined statement, what group of people is the speaker talking about?",don&quotechart do anything,and people don&quotechart do anything.,do not do anything to help others,0,people,116469:6,"People, when they"
3,single_generic_trial,"In the underlined statement, what group of people is the speaker talking about?",want all of that,"but, uh people want all of that",want everything,0,people,166244:11,"People, when they"
3,single_generic_trial,"In the underlined statement, what group of people is the speaker talking about?",run in the park,"and, uh, people run in the park,",run in the park,0,people,22387:13,People who
3,single_generic_trial,"In the underlined statement, what group of people is the speaker talking about?","go, what&quotechars this stuff ","if it does, people go, what&quotechars this stuff .",live in Mississippi,0,people,137933:16,People who
3,single_generic_trial,"In the underlined statement, what group of people is the speaker talking about?",don&quotechart want  to believe that,and people don&quotechart want  to believe that.,don&quotechart assume a gun is loaded,0,people,428:6,People who
3,single_generic_trial,"In the underlined statement, what group of people is the speaker talking about?",say that,"i mean people say that,",say they will kill someone,0,people,158267:12,People who
3,single_generic_trial,"In the underlined statement, what group of people is the speaker talking about?",talk about that area,i&quotecharve heard so many people talk about that area.,have visited the area,0,so many people,76838:19,People who
3,single_generic_trial,"In the underlined statement, what group of people is the speaker talking about?",do,"i mean, people do,",have pets there,0,people,6276:14,People who
3,single_generic_trial,"In the underlined statement, what group of people is the speaker talking about?","use fed ex, all the time","and nowadays people use fed ex, all the time.",use fed ex,0,people,75236:9,"People, when they"
3,single_generic_trial,"In the underlined statement, what group of people is the speaker talking about?",don&quotechart want  to take responsibility,people don&quotechart want  to take responsibility.,dont take responsibility,0,people,174356:4,People who
3,single_generic_trial,"In the underlined statement, what group of people is the speaker talking about?",don&quotechart tend  to knock,"people don&quotechart tend  to knock,",do not nock ,0,people,175:4,"People, when they"
3,single_generic_trial,"In the underlined statement, what group of people is the speaker talking about?",have little cubicles,"and, and people have little cubicles.",work in an open office,0,people,5957:2,People who
3,single_generic_trial,"In the underlined statement, what group of people is the speaker talking about?",are crazy,people are crazy.,are risk takers,0,people,1415:4,People who
3,single_generic_trial,"In the underlined statement, what group of people is the speaker talking about?",find ways around,"you know, people find ways around.",get paraphonelia in prison,0,people,13451:14,"People, when they"
3,single_generic_trial,"In the underlined statement, what group of people is the speaker talking about?",call in,"and, and, and people call in",call in to the show,0,people,733:34,People who
3,single_generic_trial,"In the underlined statement, what group of people is the speaker talking about?",are just totally unfeeling,people are just totally unfeeling.,do not empathize,0,people,22414:4,"People, when they"
3,single_generic_trial,"In the underlined statement, what group of people is the speaker talking about?",think of computers,"or as far as that goes, you know, people think of computers, they think of i b m a lot of times.",like computers,0,people,618:35,People who
3,single_generic_trial,"In the underlined statement, what group of people is the speaker talking about?",do seem  to travel more,people do seem  to travel more.,travel,0,people,75242:4,People who
3,single_generic_trial,"In the underlined statement, what group of people is the speaker talking about?",seem  to get into different aspects,i mean people seem  to get into different aspects.,think differently,0,people,6712:12,People who
3,single_generic_trial,"In the underlined statement, what group of people is the speaker talking about?",get up in the morning in that neighborhood,people get up in the morning in that neighborhood,wake up due to smoke,0,people,11872:4,"People, when they"
3,single_generic_trial,"In the underlined statement, what group of people is the speaker talking about?",don&quotechart have room for that kind of stuff,you know people don&quotechart have room for that kind of stuff.,do not reecycle,0,people,23379:12,People who
3,single_generic_trial,"In the underlined statement, what group of people is the speaker talking about?",are really concerned,"but, people are really concerned,",recycle,0,people,11134:8,"People, when they"
3,single_generic_trial,"In the underlined statement, what group of people is the speaker talking about?",make mistakes,"hey, people make mistakes.",make a bad decision ,0,people,4811:9,"People, when they"
4,single_generic_trial,"In the underlined statement, what group of people is the speaker talking about?",don&quotechart want  to believe that,and people don&quotechart want  to believe that.,own guns,0,people,428:6,People who
4,single_generic_trial,"In the underlined statement, what group of people is the speaker talking about?","are, real sports conscious","people are, real sports conscious and really get involved with their kids, sports activities and,",have kids,0,people,141184:4,People who
4,single_generic_trial,"In the underlined statement, what group of people is the speaker talking about?",are just totally unfeeling,people are just totally unfeeling.,assault others,0,people,22414:4,People who
4,single_generic_trial,"In the underlined statement, what group of people is the speaker talking about?",want all of that,"but, uh people want all of that",have unrealistic expectations,0,people,166244:11,People who
4,single_generic_trial,"In the underlined statement, what group of people is the speaker talking about?",seem  to get into different aspects,i mean people seem  to get into different aspects.,tour vermont,0,people,6712:12,"People, when they"
4,single_generic_trial,"In the underlined statement, what group of people is the speaker talking about?",are crazy,people are crazy.,shoot others,0,people,1415:4,"People, when they"
4,single_generic_trial,"In the underlined statement, what group of people is the speaker talking about?",have little cubicles,"and, and people have little cubicles.",work in an open office,0,people,5957:2,People who
4,single_generic_trial,"In the underlined statement, what group of people is the speaker talking about?",lie,"you know, people lie,",are dishonest,0,people,14418:14,People who
4,single_generic_trial,"In the underlined statement, what group of people is the speaker talking about?",know that,and technical people know that.,are smart,0,technical people,9996:8,People who
4,single_generic_trial,"In the underlined statement, what group of people is the speaker talking about?",call in,"and, and, and people call in",watch talk shows,0,people,733:34,People who
4,single_generic_trial,"In the underlined statement, what group of people is the speaker talking about?",find ways around,"you know, people find ways around.",are in prison,0,people,13451:14,People who
4,single_generic_trial,"In the underlined statement, what group of people is the speaker talking about?","go, what&quotechars this stuff ","if it does, people go, what&quotechars this stuff .",see snow,0,people,137933:16,"People, when they"
4,single_generic_trial,"In the underlined statement, what group of people is the speaker talking about?",don&quotechart tend  to knock,"people don&quotechart tend  to knock,",have no concept of privacy,0,people,175:4,People who
4,single_generic_trial,"In the underlined statement, what group of people is the speaker talking about?",run in the park,"and, uh, people run in the park,",live in monterrey,0,people,22387:13,People who
4,single_generic_trial,"In the underlined statement, what group of people is the speaker talking about?",don&quotechart want  to take responsibility,people don&quotechart want  to take responsibility.,get sued,0,people,174356:4,People who
4,single_generic_trial,"In the underlined statement, what group of people is the speaker talking about?",make mistakes,"hey, people make mistakes.",are in prison,0,people,4811:9,People who
4,single_generic_trial,"In the underlined statement, what group of people is the speaker talking about?",don&quotechart do anything,and people don&quotechart do anything.,witness crime,0,people,116469:6,People who
4,single_generic_trial,"In the underlined statement, what group of people is the speaker talking about?",are trapped  economically,"but, of course, people are trapped  economically",are poor,0,people,24791:16,People who
4,single_generic_trial,"In the underlined statement, what group of people is the speaker talking about?","use fed ex, all the time","and nowadays people use fed ex, all the time.",need a package delivered quickly,0,people,75236:9,"People, when they"
4,single_generic_trial,"In the underlined statement, what group of people is the speaker talking about?",do,"i mean, people do,",have dogs,0,people,6276:14,People who
4,single_generic_trial,"In the underlined statement, what group of people is the speaker talking about?",say that,"i mean people say that,",support the death penalty,0,people,158267:12,People who
4,single_generic_trial,"In the underlined statement, what group of people is the speaker talking about?",do seem  to travel more,people do seem  to travel more.,travel,0,people,75242:4,People who
4,single_generic_trial,"In the underlined statement, what group of people is the speaker talking about?",are really concerned,"but, people are really concerned,",recycle aluminum cans,0,people,11134:8,People who
4,single_generic_trial,"In the underlined statement, what group of people is the speaker talking about?",talk about that area,i&quotecharve heard so many people talk about that area.,mention north carolina,0,so many people,76838:19,"People, when they"
4,single_generic_trial,"In the underlined statement, what group of people is the speaker talking about?",don&quotechart have room for that kind of stuff,you know people don&quotechart have room for that kind of stuff.,don&quotechart have space,0,people,23379:12,People who
4,single_generic_trial,"In the underlined statement, what group of people is the speaker talking about?",think of computers,"or as far as that goes, you know, people think of computers, they think of i b m a lot of times.",think of computers,0,people,618:35,"People, when they"
4,single_generic_trial,"In the underlined statement, what group of people is the speaker talking about?",get very upset,"i mean, in other words if the government denies you driving, denies you a driver&quotechars license, people get very upset.",get their drivers licence suspended,0,people,5727:7,People who
4,single_generic_trial,"In the underlined statement, what group of people is the speaker talking about?",get up in the morning in that neighborhood,people get up in the morning in that neighborhood,live in that neighborhood,0,people,11872:4,People who
5,single_generic_trial,"In the underlined statement, what group of people is the speaker talking about?",talk about that area,i&quotecharve heard so many people talk about that area.,live in north carolina,1,so many people,76838:19,People who
5,single_generic_trial,"In the underlined statement, what group of people is the speaker talking about?",are really concerned,"but, people are really concerned,",recycle,1,people,11134:8,People who
5,single_generic_trial,"In the underlined statement, what group of people is the speaker talking about?",know that,and technical people know that.,are technical,1,technical people,9996:8,People who
5,single_generic_trial,"In the underlined statement, what group of people is the speaker talking about?",seem  to get into different aspects,i mean people seem  to get into different aspects.,are tourists,1,people,6712:12,People who
5,single_generic_trial,"In the underlined statement, what group of people is the speaker talking about?",don&quotechart have room for that kind of stuff,you know people don&quotechart have room for that kind of stuff.,throw out cans,1,people,23379:12,"People, when they"
5,single_generic_trial,"In the underlined statement, what group of people is the speaker talking about?",lie,"you know, people lie,",are being judged,1,people,14418:14,People who
5,single_generic_trial,"In the underlined statement, what group of people is the speaker talking about?",have little cubicles,"and, and people have little cubicles.",have office jobs,1,people,5957:2,People who
5,single_generic_trial,"In the underlined statement, what group of people is the speaker talking about?",don&quotechart tend  to knock,"people don&quotechart tend  to knock,",enter rooms,1,people,175:4,People who
5,single_generic_trial,"In the underlined statement, what group of people is the speaker talking about?","are, real sports conscious","people are, real sports conscious and really get involved with their kids, sports activities and,",are sports fans,1,people,141184:4,People who
5,single_generic_trial,"In the underlined statement, what group of people is the speaker talking about?",don&quotechart do anything,and people don&quotechart do anything.,are living,1,people,116469:6,People who
5,single_generic_trial,"In the underlined statement, what group of people is the speaker talking about?",say that,"i mean people say that,",discuss the death penalty,1,people,158267:12,"People, when they"
5,single_generic_trial,"In the underlined statement, what group of people is the speaker talking about?",are just totally unfeeling,people are just totally unfeeling.,are average,1,people,22414:4,People who
5,single_generic_trial,"In the underlined statement, what group of people is the speaker talking about?",are trapped  economically,"but, of course, people are trapped  economically",are poor,1,people,24791:16,People who
5,single_generic_trial,"In the underlined statement, what group of people is the speaker talking about?",don&quotechart want  to believe that,and people don&quotechart want  to believe that.,are your average person,1,people,428:6,People who
5,single_generic_trial,"In the underlined statement, what group of people is the speaker talking about?",don&quotechart want  to take responsibility,people don&quotechart want  to take responsibility.,refuse to be accountable,1,people,174356:4,People who
5,single_generic_trial,"In the underlined statement, what group of people is the speaker talking about?",do seem  to travel more,people do seem  to travel more.,are travelers,1,people,75242:4,People who
5,single_generic_trial,"In the underlined statement, what group of people is the speaker talking about?",think of computers,"or as far as that goes, you know, people think of computers, they think of i b m a lot of times.",think of computers,1,people,618:35,"People, when they"
5,single_generic_trial,"In the underlined statement, what group of people is the speaker talking about?",make mistakes,"hey, people make mistakes.",make mistakes,1,people,4811:9,"People, when they"
5,single_generic_trial,"In the underlined statement, what group of people is the speaker talking about?",do,"i mean, people do,",live in manhattan,1,people,6276:14,People who
5,single_generic_trial,"In the underlined statement, what group of people is the speaker talking about?",are crazy,people are crazy.,are crazy,1,people,1415:4,People who
5,single_generic_trial,"In the underlined statement, what group of people is the speaker talking about?",get up in the morning in that neighborhood,people get up in the morning in that neighborhood,get up in the morning,1,people,11872:4,People who
5,single_generic_trial,"In the underlined statement, what group of people is the speaker talking about?","use fed ex, all the time","and nowadays people use fed ex, all the time.",order things,1,people,75236:9,People who
5,single_generic_trial,"In the underlined statement, what group of people is the speaker talking about?",run in the park,"and, uh, people run in the park,",run in the park,1,people,22387:13,People who
5,single_generic_trial,"In the underlined statement, what group of people is the speaker talking about?",find ways around,"you know, people find ways around.",are drug addicts,1,people,13451:14,People who
5,single_generic_trial,"In the underlined statement, what group of people is the speaker talking about?",get very upset,"i mean, in other words if the government denies you driving, denies you a driver&quotechars license, people get very upset.",get upset,1,people,5727:7,People who
5,single_generic_trial,"In the underlined statement, what group of people is the speaker talking about?","go, what&quotechars this stuff ","if it does, people go, what&quotechars this stuff .",see snow,1,people,137933:16,"People, when they"
5,single_generic_trial,"In the underlined statement, what group of people is the speaker talking about?",want all of that,"but, uh people want all of that",want changes,1,people,166244:11,People who
5,single_generic_trial,"In the underlined statement, what group of people is the speaker talking about?",call in,"and, and, and people call in",call in,1,people,733:34,"People, when they"
6,single_generic_trial,"In the underlined statement, what group of people is the speaker talking about?",talk about that area,i&quotecharve heard so many people talk about that area.,have been to North Carolina,1,so many people,76838:19,People who
6,single_generic_trial,"In the underlined statement, what group of people is the speaker talking about?",don&quotechart want  to believe that,and people don&quotechart want  to believe that.,own guns,1,people,428:6,People who
6,single_generic_trial,"In the underlined statement, what group of people is the speaker talking about?",have little cubicles,"and, and people have little cubicles.",work in offices,1,people,5957:2,People who
6,single_generic_trial,"In the underlined statement, what group of people is the speaker talking about?","use fed ex, all the time","and nowadays people use fed ex, all the time.",mail things,1,people,75236:9,"People, when they"
6,single_generic_trial,"In the underlined statement, what group of people is the speaker talking about?",don&quotechart have room for that kind of stuff,you know people don&quotechart have room for that kind of stuff.,don&quotechart have a lot of storage,1,people,23379:12,People who
6,single_generic_trial,"In the underlined statement, what group of people is the speaker talking about?",call in,"and, and, and people call in",watch channel eight,1,people,733:34,People who
6,single_generic_trial,"In the underlined statement, what group of people is the speaker talking about?",are really concerned,"but, people are really concerned,",have to walk further to recycle ,1,people,11134:8,"People, when they"
6,single_generic_trial,"In the underlined statement, what group of people is the speaker talking about?",do,"i mean, people do,",have pets,1,people,6276:14,People who
6,single_generic_trial,"In the underlined statement, what group of people is the speaker talking about?",don&quotechart tend  to knock,"people don&quotechart tend  to knock,",open doors,1,people,175:4,"People, when they"
6,single_generic_trial,"In the underlined statement, what group of people is the speaker talking about?",are crazy,people are crazy.,chase other people with weapons,1,people,1415:4,"People, when they"
6,single_generic_trial,"In the underlined statement, what group of people is the speaker talking about?","are, real sports conscious","people are, real sports conscious and really get involved with their kids, sports activities and,",have kids,1,people,141184:4,People who
6,single_generic_trial,"In the underlined statement, what group of people is the speaker talking about?",know that,and technical people know that.,are technical thinking,1,technical people,9996:8,People who
6,single_generic_trial,"In the underlined statement, what group of people is the speaker talking about?",run in the park,"and, uh, people run in the park,",live in monterrey,1,people,22387:13,People who
6,single_generic_trial,"In the underlined statement, what group of people is the speaker talking about?",say that,"i mean people say that,",defend the death penalty,1,people,158267:12,"People, when they"
6,single_generic_trial,"In the underlined statement, what group of people is the speaker talking about?",find ways around,"you know, people find ways around.",are in prison.,1,people,13451:14,People who
6,single_generic_trial,"In the underlined statement, what group of people is the speaker talking about?",think of computers,"or as far as that goes, you know, people think of computers, they think of i b m a lot of times.",think of computers,1,people,618:35,"People, when they"
6,single_generic_trial,"In the underlined statement, what group of people is the speaker talking about?",want all of that,"but, uh people want all of that",try to maintain a certain standard of living,1,people,166244:11,"People, when they"
6,single_generic_trial,"In the underlined statement, what group of people is the speaker talking about?",get very upset,"i mean, in other words if the government denies you driving, denies you a driver&quotechars license, people get very upset.",are denied a driver&quotechars license.,1,people,5727:7,"People, when they"
6,single_generic_trial,"In the underlined statement, what group of people is the speaker talking about?",do seem  to travel more,people do seem  to travel more.,travel,1,people,75242:4,People who
6,single_generic_trial,"In the underlined statement, what group of people is the speaker talking about?","go, what&quotechars this stuff ","if it does, people go, what&quotechars this stuff .",see snow,1,people,137933:16,"People, when they"
6,single_generic_trial,"In the underlined statement, what group of people is the speaker talking about?",get up in the morning in that neighborhood,people get up in the morning in that neighborhood,wake up,1,people,11872:4,"People, when they"
6,single_generic_trial,"In the underlined statement, what group of people is the speaker talking about?",are just totally unfeeling,people are just totally unfeeling.,commit crimes ,1,people,22414:4,People who
6,single_generic_trial,"In the underlined statement, what group of people is the speaker talking about?",are trapped  economically,"but, of course, people are trapped  economically",live in bad school districts,1,people,24791:16,People who
6,single_generic_trial,"In the underlined statement, what group of people is the speaker talking about?",don&quotechart do anything,and people don&quotechart do anything.,see crimes committed.,1,people,116469:6,"People, when they"
6,single_generic_trial,"In the underlined statement, what group of people is the speaker talking about?",seem  to get into different aspects,i mean people seem  to get into different aspects.,like different things,1,people,6712:12,People who
6,single_generic_trial,"In the underlined statement, what group of people is the speaker talking about?",make mistakes,"hey, people make mistakes.",commit crimes for the first time,1,people,4811:9,People who
6,single_generic_trial,"In the underlined statement, what group of people is the speaker talking about?",don&quotechart want  to take responsibility,people don&quotechart want  to take responsibility.,don&quotechart want to take responsibility for their own actions,1,people,174356:4,"People, when they"
6,single_generic_trial,"In the underlined statement, what group of people is the speaker talking about?",lie,"you know, people lie,",lie to avoid legal consequences ,1,people,14418:14,"People, when they"
7,single_generic_trial,"In the underlined statement, what group of people is the speaker talking about?",say that,"i mean people say that,",are for the death penalty,0,people,158267:12,People who
7,single_generic_trial,"In the underlined statement, what group of people is the speaker talking about?",want all of that,"but, uh people want all of that",need a job,0,people,166244:11,People who
7,single_generic_trial,"In the underlined statement, what group of people is the speaker talking about?",think of computers,"or as far as that goes, you know, people think of computers, they think of i b m a lot of times.",think of computers,0,people,618:35,"People, when they"
7,single_generic_trial,"In the underlined statement, what group of people is the speaker talking about?",do,"i mean, people do,",own dogs,0,people,6276:14,People who
7,single_generic_trial,"In the underlined statement, what group of people is the speaker talking about?",don&quotechart want  to take responsibility,people don&quotechart want  to take responsibility.,don&quotechart want to take responsibility,0,people,174356:4,"People, when they"
7,single_generic_trial,"In the underlined statement, what group of people is the speaker talking about?",get very upset,"i mean, in other words if the government denies you driving, denies you a driver&quotechars license, people get very upset.",are denied a drivers license,0,people,5727:7,"People, when they"
7,single_generic_trial,"In the underlined statement, what group of people is the speaker talking about?",do seem  to travel more,people do seem  to travel more.,use Fed Ex,0,people,75242:4,People who
7,single_generic_trial,"In the underlined statement, what group of people is the speaker talking about?",don&quotechart tend  to knock,"people don&quotechart tend  to knock,",arrive at a door,0,people,175:4,"People, when they"
7,single_generic_trial,"In the underlined statement, what group of people is the speaker talking about?",are crazy,people are crazy.,do crazy things,0,people,1415:4,People who
7,single_generic_trial,"In the underlined statement, what group of people is the speaker talking about?",call in,"and, and, and people call in",call in,0,people,733:34,People who
7,single_generic_trial,"In the underlined statement, what group of people is the speaker talking about?",are really concerned,"but, people are really concerned,",recycle,0,people,11134:8,People who
7,single_generic_trial,"In the underlined statement, what group of people is the speaker talking about?",seem  to get into different aspects,i mean people seem  to get into different aspects.,get into different aspects,0,people,6712:12,"People, when they"
7,single_generic_trial,"In the underlined statement, what group of people is the speaker talking about?",are trapped  economically,"but, of course, people are trapped  economically",are trapped economically,0,people,24791:16,People who
7,single_generic_trial,"In the underlined statement, what group of people is the speaker talking about?",lie,"you know, people lie,",lie,0,people,14418:14,People who
7,single_generic_trial,"In the underlined statement, what group of people is the speaker talking about?",have little cubicles,"and, and people have little cubicles.",work in open offices,0,people,5957:2,People who
7,single_generic_trial,"In the underlined statement, what group of people is the speaker talking about?","use fed ex, all the time","and nowadays people use fed ex, all the time.",use fed ex,0,people,75236:9,"People, when they"
7,single_generic_trial,"In the underlined statement, what group of people is the speaker talking about?",are just totally unfeeling,people are just totally unfeeling.,commit crimes,0,people,22414:4,People who
7,single_generic_trial,"In the underlined statement, what group of people is the speaker talking about?",run in the park,"and, uh, people run in the park,",exercise,0,people,22387:13,"People, when they"
7,single_generic_trial,"In the underlined statement, what group of people is the speaker talking about?",don&quotechart do anything,and people don&quotechart do anything.,witness a crime,0,people,116469:6,People who
7,single_generic_trial,"In the underlined statement, what group of people is the speaker talking about?",don&quotechart want  to believe that,and people don&quotechart want  to believe that.,don&quotechart practice gun safety,0,people,428:6,People who
7,single_generic_trial,"In the underlined statement, what group of people is the speaker talking about?",talk about that area,i&quotecharve heard so many people talk about that area.,have experienced North Carolina,0,so many people,76838:19,People who
7,single_generic_trial,"In the underlined statement, what group of people is the speaker talking about?","go, what&quotechars this stuff ","if it does, people go, what&quotechars this stuff .",aren&quotechart used to snow,0,people,137933:16,People who
7,single_generic_trial,"In the underlined statement, what group of people is the speaker talking about?",make mistakes,"hey, people make mistakes.",serve prison sentences,0,people,4811:9,People who
7,single_generic_trial,"In the underlined statement, what group of people is the speaker talking about?",get up in the morning in that neighborhood,people get up in the morning in that neighborhood,get up,0,people,11872:4,"People, when they"
7,single_generic_trial,"In the underlined statement, what group of people is the speaker talking about?",don&quotechart have room for that kind of stuff,you know people don&quotechart have room for that kind of stuff.,have limited storage space,0,people,23379:12,People who
7,single_generic_trial,"In the underlined statement, what group of people is the speaker talking about?","are, real sports conscious","people are, real sports conscious and really get involved with their kids, sports activities and,",have kids,0,people,141184:4,People who
7,single_generic_trial,"In the underlined statement, what group of people is the speaker talking about?",know that,and technical people know that.,know the school,0,technical people,9996:8,People who
7,single_generic_trial,"In the underlined statement, what group of people is the speaker talking about?",find ways around,"you know, people find ways around.",want drugs ,0,people,13451:14,People who
8,single_generic_trial,"In the underlined statement, what group of people is the speaker talking about?",are crazy,people are crazy.,are crazy,1,people,1415:4,People who
8,single_generic_trial,"In the underlined statement, what group of people is the speaker talking about?",know that,and technical people know that.,are technical,1,technical people,9996:8,People who
8,single_generic_trial,"In the underlined statement, what group of people is the speaker talking about?",lie,"you know, people lie,",commit crimes,1,people,14418:14,People who
8,single_generic_trial,"In the underlined statement, what group of people is the speaker talking about?",are trapped  economically,"but, of course, people are trapped  economically",are poor,1,people,24791:16,People who
8,single_generic_trial,"In the underlined statement, what group of people is the speaker talking about?","are, real sports conscious","people are, real sports conscious and really get involved with their kids, sports activities and,",involve themselves in their kids lives,1,people,141184:4,People who
8,single_generic_trial,"In the underlined statement, what group of people is the speaker talking about?","go, what&quotechars this stuff ","if it does, people go, what&quotechars this stuff .",encounter snow,1,people,137933:16,"People, when they"
8,single_generic_trial,"In the underlined statement, what group of people is the speaker talking about?",make mistakes,"hey, people make mistakes.",break the law,1,people,4811:9,"People, when they"
8,single_generic_trial,"In the underlined statement, what group of people is the speaker talking about?",run in the park,"and, uh, people run in the park,",are scared of migrant criminals,1,people,22387:13,People who
8,single_generic_trial,"In the underlined statement, what group of people is the speaker talking about?",have little cubicles,"and, and people have little cubicles.",work at offices,1,people,5957:2,"People, when they"
8,single_generic_trial,"In the underlined statement, what group of people is the speaker talking about?",don&quotechart want  to believe that,and people don&quotechart want  to believe that.,accidentally shoot themselves,1,people,428:6,"People, when they"
8,single_generic_trial,"In the underlined statement, what group of people is the speaker talking about?",don&quotechart tend  to knock,"people don&quotechart tend  to knock,",barge in on others,1,people,175:4,People who
8,single_generic_trial,"In the underlined statement, what group of people is the speaker talking about?",seem  to get into different aspects,i mean people seem  to get into different aspects.,travel,1,people,6712:12,People who
8,single_generic_trial,"In the underlined statement, what group of people is the speaker talking about?",want all of that,"but, uh people want all of that",want to move up the social ladder,1,people,166244:11,"People, when they"
8,single_generic_trial,"In the underlined statement, what group of people is the speaker talking about?",are just totally unfeeling,people are just totally unfeeling.,are cold,1,people,22414:4,People who
8,single_generic_trial,"In the underlined statement, what group of people is the speaker talking about?",get very upset,"i mean, in other words if the government denies you driving, denies you a driver&quotechars license, people get very upset.",have lost their license,1,people,5727:7,People who
8,single_generic_trial,"In the underlined statement, what group of people is the speaker talking about?",don&quotechart do anything,and people don&quotechart do anything.,see something bad happen and do nothing,1,people,116469:6,"People, when they"
8,single_generic_trial,"In the underlined statement, what group of people is the speaker talking about?",are really concerned,"but, people are really concerned,",live in the community,1,people,11134:8,People who
8,single_generic_trial,"In the underlined statement, what group of people is the speaker talking about?",think of computers,"or as far as that goes, you know, people think of computers, they think of i b m a lot of times.",work for ibm,1,people,618:35,People who
8,single_generic_trial,"In the underlined statement, what group of people is the speaker talking about?",find ways around,"you know, people find ways around.",are in prison,1,people,13451:14,People who
8,single_generic_trial,"In the underlined statement, what group of people is the speaker talking about?","use fed ex, all the time","and nowadays people use fed ex, all the time.",ship things,1,people,75236:9,"People, when they"
8,single_generic_trial,"In the underlined statement, what group of people is the speaker talking about?",don&quotechart have room for that kind of stuff,you know people don&quotechart have room for that kind of stuff.,expect other people to store things,1,people,23379:12,People who
8,single_generic_trial,"In the underlined statement, what group of people is the speaker talking about?",get up in the morning in that neighborhood,people get up in the morning in that neighborhood,get up early,1,people,11872:4,People who
8,single_generic_trial,"In the underlined statement, what group of people is the speaker talking about?",do seem  to travel more,people do seem  to travel more.,move around,1,people,75242:4,"People, when they"
8,single_generic_trial,"In the underlined statement, what group of people is the speaker talking about?",call in,"and, and, and people call in",like this movie critic,1,people,733:34,People who
8,single_generic_trial,"In the underlined statement, what group of people is the speaker talking about?",don&quotechart want  to take responsibility,people don&quotechart want  to take responsibility.,sue others,1,people,174356:4,People who
8,single_generic_trial,"In the underlined statement, what group of people is the speaker talking about?",talk about that area,i&quotecharve heard so many people talk about that area.,live in north carolina,1,so many people,76838:19,People who
8,single_generic_trial,"In the underlined statement, what group of people is the speaker talking about?",do,"i mean, people do,",have pets in the city,1,people,6276:14,People who
8,single_generic_trial,"In the underlined statement, what group of people is the speaker talking about?",say that,"i mean people say that,",claim the death penalty deters others,1,people,158267:12,People who
9,single_generic_trial,"In the underlined statement, what group of people is the speaker talking about?",don&quotechart want  to take responsibility,people don&quotechart want  to take responsibility.,don&quotechart take responsibility.,0,people,174356:4,People who
9,single_generic_trial,"In the underlined statement, what group of people is the speaker talking about?",want all of that,"but, uh people want all of that",want a job and lots of things.,0,people,166244:11,People who
9,single_generic_trial,"In the underlined statement, what group of people is the speaker talking about?",don&quotechart tend  to knock,"people don&quotechart tend  to knock,",don&quotechart knock,0,people,175:4,People who
9,single_generic_trial,"In the underlined statement, what group of people is the speaker talking about?",are really concerned,"but, people are really concerned,",throw cans away.,0,people,11134:8,"People, when they"
9,single_generic_trial,"In the underlined statement, what group of people is the speaker talking about?","use fed ex, all the time","and nowadays people use fed ex, all the time.",use fed ex,0,people,75236:9,People who
9,single_generic_trial,"In the underlined statement, what group of people is the speaker talking about?",have little cubicles,"and, and people have little cubicles.",work in cubicles.,0,people,5957:2,People who
9,single_generic_trial,"In the underlined statement, what group of people is the speaker talking about?",don&quotechart have room for that kind of stuff,you know people don&quotechart have room for that kind of stuff.,save aluminum cans.,0,people,23379:12,"People, when they"
9,single_generic_trial,"In the underlined statement, what group of people is the speaker talking about?",are trapped  economically,"but, of course, people are trapped  economically",are economically trapped.,0,people,24791:16,People who
9,single_generic_trial,"In the underlined statement, what group of people is the speaker talking about?",know that,and technical people know that.,like technology,0,technical people,9996:8,People who
9,single_generic_trial,"In the underlined statement, what group of people is the speaker talking about?",get very upset,"i mean, in other words if the government denies you driving, denies you a driver&quotechars license, people get very upset.",are denied a license.,0,people,5727:7,"People, when they"
9,single_generic_trial,"In the underlined statement, what group of people is the speaker talking about?",talk about that area,i&quotecharve heard so many people talk about that area.,talk about a place.,0,so many people,76838:19,"People, when they"
9,single_generic_trial,"In the underlined statement, what group of people is the speaker talking about?",think of computers,"or as far as that goes, you know, people think of computers, they think of i b m a lot of times.",think of computers.,0,people,618:35,"People, when they"
9,single_generic_trial,"In the underlined statement, what group of people is the speaker talking about?",don&quotechart want  to believe that,and people don&quotechart want  to believe that.,assume a gun isn&quotechart loaded.,0,people,428:6,"People, when they"
9,single_generic_trial,"In the underlined statement, what group of people is the speaker talking about?",seem  to get into different aspects,i mean people seem  to get into different aspects.,do a lot of different things.,0,people,6712:12,People who
9,single_generic_trial,"In the underlined statement, what group of people is the speaker talking about?","are, real sports conscious","people are, real sports conscious and really get involved with their kids, sports activities and,",really enjoy sports.,0,people,141184:4,People who
9,single_generic_trial,"In the underlined statement, what group of people is the speaker talking about?",lie,"you know, people lie,",lie to protect themselves.,0,people,14418:14,"People, when they"
9,single_generic_trial,"In the underlined statement, what group of people is the speaker talking about?",run in the park,"and, uh, people run in the park,",run in the park,0,people,22387:13,People who
9,single_generic_trial,"In the underlined statement, what group of people is the speaker talking about?",find ways around,"you know, people find ways around.",find ways to get things in prison.,0,people,13451:14,"People, when they"
9,single_generic_trial,"In the underlined statement, what group of people is the speaker talking about?",say that,"i mean people say that,",say that.,0,people,158267:12,People who
9,single_generic_trial,"In the underlined statement, what group of people is the speaker talking about?","go, what&quotechars this stuff ","if it does, people go, what&quotechars this stuff .",first see snow.,0,people,137933:16,"People, when they"
9,single_generic_trial,"In the underlined statement, what group of people is the speaker talking about?",do,"i mean, people do,",have pets.,0,people,6276:14,People who
9,single_generic_trial,"In the underlined statement, what group of people is the speaker talking about?",make mistakes,"hey, people make mistakes.",make mistakes,0,people,4811:9,"People, when they"
9,single_generic_trial,"In the underlined statement, what group of people is the speaker talking about?",do seem  to travel more,people do seem  to travel more.,travel more.,0,people,75242:4,"People, when they"
9,single_generic_trial,"In the underlined statement, what group of people is the speaker talking about?",get up in the morning in that neighborhood,people get up in the morning in that neighborhood,get up in the morning,0,people,11872:4,People who
9,single_generic_trial,"In the underlined statement, what group of people is the speaker talking about?",are just totally unfeeling,people are just totally unfeeling.,don&quotechart feel for others.,0,people,22414:4,"People, when they"
9,single_generic_trial,"In the underlined statement, what group of people is the speaker talking about?",are crazy,people are crazy.,are crazy,0,people,1415:4,People who
9,single_generic_trial,"In the underlined statement, what group of people is the speaker talking about?",don&quotechart do anything,and people don&quotechart do anything.,don&quotechart do anything.,0,people,116469:6,"People, when they"
9,single_generic_trial,"In the underlined statement, what group of people is the speaker talking about?",call in,"and, and, and people call in",call in to the talk show.,0,people,733:34,"People, when they"
10,single_generic_trial,"In the underlined statement, what group of people is the speaker talking about?","are, real sports conscious","people are, real sports conscious and really get involved with their kids, sports activities and,",are sports conscious,1,people,141184:4,People who
10,single_generic_trial,"In the underlined statement, what group of people is the speaker talking about?",know that,and technical people know that.,are technically inclined,1,technical people,9996:8,People who
10,single_generic_trial,"In the underlined statement, what group of people is the speaker talking about?",don&quotechart want  to take responsibility,people don&quotechart want  to take responsibility.,wish to avoid responsiblity,1,people,174356:4,"People, when they"
10,single_generic_trial,"In the underlined statement, what group of people is the speaker talking about?",say that,"i mean people say that,",believe the death penalty is meant to be a deterrent,1,people,158267:12,People who
10,single_generic_trial,"In the underlined statement, what group of people is the speaker talking about?",talk about that area,i&quotecharve heard so many people talk about that area.,like No. Carolina,1,so many people,76838:19,People who
10,single_generic_trial,"In the underlined statement, what group of people is the speaker talking about?",find ways around,"you know, people find ways around.",seek drugs,1,people,13451:14,"People, when they"
10,single_generic_trial,"In the underlined statement, what group of people is the speaker talking about?",are just totally unfeeling,people are just totally unfeeling.,live in big cities,1,people,22414:4,People who
10,single_generic_trial,"In the underlined statement, what group of people is the speaker talking about?",don&quotechart tend  to knock,"people don&quotechart tend  to knock,",come from this culture,1,people,175:4,People who
10,single_generic_trial,"In the underlined statement, what group of people is the speaker talking about?",do seem  to travel more,people do seem  to travel more.,travel frequently,1,people,75242:4,People who
10,single_generic_trial,"In the underlined statement, what group of people is the speaker talking about?","go, what&quotechars this stuff ","if it does, people go, what&quotechars this stuff .",see snow,1,people,137933:16,"People, when they"
10,single_generic_trial,"In the underlined statement, what group of people is the speaker talking about?",are trapped  economically,"but, of course, people are trapped  economically",are poor,1,people,24791:16,People who
10,single_generic_trial,"In the underlined statement, what group of people is the speaker talking about?",are crazy,people are crazy.,are generally crazy,1,people,1415:4,People who
10,single_generic_trial,"In the underlined statement, what group of people is the speaker talking about?",make mistakes,"hey, people make mistakes.",are in generally fallible,1,people,4811:9,People who
10,single_generic_trial,"In the underlined statement, what group of people is the speaker talking about?",get very upset,"i mean, in other words if the government denies you driving, denies you a driver&quotechars license, people get very upset.",are denied a license,1,people,5727:7,"People, when they"
10,single_generic_trial,"In the underlined statement, what group of people is the speaker talking about?",do,"i mean, people do,",keep dogs though they shouldn&quotechart,1,people,6276:14,People who
10,single_generic_trial,"In the underlined statement, what group of people is the speaker talking about?",are really concerned,"but, people are really concerned,",don&quotechart like the extra trash can,1,people,11134:8,People who
10,single_generic_trial,"In the underlined statement, what group of people is the speaker talking about?",call in,"and, and, and people call in",listen to the station,1,people,733:34,People who
10,single_generic_trial,"In the underlined statement, what group of people is the speaker talking about?","use fed ex, all the time","and nowadays people use fed ex, all the time.",use fedex,1,people,75236:9,People who
10,single_generic_trial,"In the underlined statement, what group of people is the speaker talking about?",don&quotechart have room for that kind of stuff,you know people don&quotechart have room for that kind of stuff.,have limited storage,1,people,23379:12,People who
10,single_generic_trial,"In the underlined statement, what group of people is the speaker talking about?",want all of that,"but, uh people want all of that",want all the middle class objects,1,people,166244:11,People who
10,single_generic_trial,"In the underlined statement, what group of people is the speaker talking about?",have little cubicles,"and, and people have little cubicles.",are at work,1,people,5957:2,"People, when they"
10,single_generic_trial,"In the underlined statement, what group of people is the speaker talking about?",seem  to get into different aspects,i mean people seem  to get into different aspects.,enjoy cycling,1,people,6712:12,People who
10,single_generic_trial,"In the underlined statement, what group of people is the speaker talking about?",think of computers,"or as far as that goes, you know, people think of computers, they think of i b m a lot of times.",think of computers,1,people,618:35,"People, when they"
10,single_generic_trial,"In the underlined statement, what group of people is the speaker talking about?",lie,"you know, people lie,",are put in that position,1,people,14418:14,"People, when they"
10,single_generic_trial,"In the underlined statement, what group of people is the speaker talking about?",don&quotechart want  to believe that,and people don&quotechart want  to believe that.,encounter a gun,1,people,428:6,"People, when they"
10,single_generic_trial,"In the underlined statement, what group of people is the speaker talking about?",get up in the morning in that neighborhood,people get up in the morning in that neighborhood,live near the Kodak factory,1,people,11872:4,People who
10,single_generic_trial,"In the underlined statement, what group of people is the speaker talking about?",run in the park,"and, uh, people run in the park,",live in the area,1,people,22387:13,People who
10,single_generic_trial,"In the underlined statement, what group of people is the speaker talking about?",don&quotechart do anything,and people don&quotechart do anything.,encounter crime,1,people,116469:6,"People, when they"
11,single_generic_trial,"In the underlined statement, what group of people is the speaker talking about?",don&quotechart tend  to knock,"people don&quotechart tend  to knock,",are lonely,1,people,175:4,People who
11,single_generic_trial,"In the underlined statement, what group of people is the speaker talking about?",don&quotechart do anything,and people don&quotechart do anything.,are impartial,1,people,116469:6,People who
11,single_generic_trial,"In the underlined statement, what group of people is the speaker talking about?",are crazy,people are crazy.,do things like the person did with the pellet gun.,1,people,1415:4,People who
11,single_generic_trial,"In the underlined statement, what group of people is the speaker talking about?",have little cubicles,"and, and people have little cubicles.",have a open office,1,people,5957:2,People who
11,single_generic_trial,"In the underlined statement, what group of people is the speaker talking about?",know that,and technical people know that.,would attend a technology school,1,technical people,9996:8,People who
11,single_generic_trial,"In the underlined statement, what group of people is the speaker talking about?",are really concerned,"but, people are really concerned,",care about recycling.,1,people,11134:8,People who
11,single_generic_trial,"In the underlined statement, what group of people is the speaker talking about?",get up in the morning in that neighborhood,people get up in the morning in that neighborhood,live in the neighborhood that do emissions at night.,1,people,11872:4,People who
11,single_generic_trial,"In the underlined statement, what group of people is the speaker talking about?",talk about that area,i&quotecharve heard so many people talk about that area.,talk about north carolina,1,so many people,76838:19,People who
11,single_generic_trial,"In the underlined statement, what group of people is the speaker talking about?",are just totally unfeeling,people are just totally unfeeling.,"Steal money, and slice peoples throat.",1,people,22414:4,"People, when they"
11,single_generic_trial,"In the underlined statement, what group of people is the speaker talking about?",don&quotechart have room for that kind of stuff,you know people don&quotechart have room for that kind of stuff.,don&quotechart have room for a lot of cans.,1,people,23379:12,People who
11,single_generic_trial,"In the underlined statement, what group of people is the speaker talking about?",don&quotechart want  to believe that,and people don&quotechart want  to believe that.,don&quotechart use guns correctly,1,people,428:6,People who
11,single_generic_trial,"In the underlined statement, what group of people is the speaker talking about?",call in,"and, and, and people call in",Call in to the show.,1,people,733:34,People who
11,single_generic_trial,"In the underlined statement, what group of people is the speaker talking about?",don&quotechart want  to take responsibility,people don&quotechart want  to take responsibility.,have to come to the court.,1,people,174356:4,People who
11,single_generic_trial,"In the underlined statement, what group of people is the speaker talking about?",find ways around,"you know, people find ways around.",are in prison,1,people,13451:14,People who
11,single_generic_trial,"In the underlined statement, what group of people is the speaker talking about?",seem  to get into different aspects,i mean people seem  to get into different aspects.,start wanting to go different places.,1,people,6712:12,"People, when they"
11,single_generic_trial,"In the underlined statement, what group of people is the speaker talking about?","are, real sports conscious","people are, real sports conscious and really get involved with their kids, sports activities and,",are into sports in the country.,1,people,141184:4,People who
11,single_generic_trial,"In the underlined statement, what group of people is the speaker talking about?",lie,"you know, people lie,",lie,1,people,14418:14,People who
11,single_generic_trial,"In the underlined statement, what group of people is the speaker talking about?",get very upset,"i mean, in other words if the government denies you driving, denies you a driver&quotechars license, people get very upset.",get denied driving,1,people,5727:7,People who
11,single_generic_trial,"In the underlined statement, what group of people is the speaker talking about?",make mistakes,"hey, people make mistakes.",are in prison,1,people,4811:9,People who
11,single_generic_trial,"In the underlined statement, what group of people is the speaker talking about?",run in the park,"and, uh, people run in the park,",live in monterrey.,1,people,22387:13,People who
11,single_generic_trial,"In the underlined statement, what group of people is the speaker talking about?",do seem  to travel more,people do seem  to travel more.,use fed ex.,1,people,75242:4,People who
11,single_generic_trial,"In the underlined statement, what group of people is the speaker talking about?",want all of that,"but, uh people want all of that",want everything available to them.,1,people,166244:11,People who
11,single_generic_trial,"In the underlined statement, what group of people is the speaker talking about?",think of computers,"or as far as that goes, you know, people think of computers, they think of i b m a lot of times.",think of computers,1,people,618:35,People who
11,single_generic_trial,"In the underlined statement, what group of people is the speaker talking about?","go, what&quotechars this stuff ","if it does, people go, what&quotechars this stuff .",are not around snow a lot,1,people,137933:16,People who
11,single_generic_trial,"In the underlined statement, what group of people is the speaker talking about?",are trapped  economically,"but, of course, people are trapped  economically",are in rough conditions,1,people,24791:16,People who
11,single_generic_trial,"In the underlined statement, what group of people is the speaker talking about?",do,"i mean, people do,",do have a pet.,1,people,6276:14,"People, when they"
11,single_generic_trial,"In the underlined statement, what group of people is the speaker talking about?",say that,"i mean people say that,",say death penalty is a detterent,1,people,158267:12,People who
11,single_generic_trial,"In the underlined statement, what group of people is the speaker talking about?","use fed ex, all the time","and nowadays people use fed ex, all the time.",use fed ex,1,people,75236:9,People who
12,single_generic_trial,"In the underlined statement, what group of people is the speaker talking about?",are crazy,people are crazy.,chase others with a bull whip,0,people,1415:4,People who
12,single_generic_trial,"In the underlined statement, what group of people is the speaker talking about?",get up in the morning in that neighborhood,people get up in the morning in that neighborhood,live near kodak,0,people,11872:4,People who
12,single_generic_trial,"In the underlined statement, what group of people is the speaker talking about?",know that,and technical people know that.,want to attend a science school,0,technical people,9996:8,People who
12,single_generic_trial,"In the underlined statement, what group of people is the speaker talking about?",find ways around,"you know, people find ways around.",are trying to get things,0,people,13451:14,People who
12,single_generic_trial,"In the underlined statement, what group of people is the speaker talking about?",don&quotechart have room for that kind of stuff,you know people don&quotechart have room for that kind of stuff.,have limited space,0,people,23379:12,People who
12,single_generic_trial,"In the underlined statement, what group of people is the speaker talking about?",want all of that,"but, uh people want all of that",want to have a certain standard of living,0,people,166244:11,People who
12,single_generic_trial,"In the underlined statement, what group of people is the speaker talking about?",don&quotechart want  to take responsibility,people don&quotechart want  to take responsibility.,sue just about anybody,0,people,174356:4,People who
12,single_generic_trial,"In the underlined statement, what group of people is the speaker talking about?",run in the park,"and, uh, people run in the park,",live in the community,0,people,22387:13,People who
12,single_generic_trial,"In the underlined statement, what group of people is the speaker talking about?",have little cubicles,"and, and people have little cubicles.",work in an open office concept,0,people,5957:2,People who
12,single_generic_trial,"In the underlined statement, what group of people is the speaker talking about?",are trapped  economically,"but, of course, people are trapped  economically",can&quotechart afford to move,0,people,24791:16,People who
12,single_generic_trial,"In the underlined statement, what group of people is the speaker talking about?",call in,"and, and, and people call in",listen to the talk show,0,people,733:34,People who
12,single_generic_trial,"In the underlined statement, what group of people is the speaker talking about?",make mistakes,"hey, people make mistakes.",have committed crimes,0,people,4811:9,People who
12,single_generic_trial,"In the underlined statement, what group of people is the speaker talking about?","use fed ex, all the time","and nowadays people use fed ex, all the time.",need to send packages,0,people,75236:9,"People, when they"
12,single_generic_trial,"In the underlined statement, what group of people is the speaker talking about?",don&quotechart do anything,and people don&quotechart do anything.,see a crime committed,0,people,116469:6,People who
12,single_generic_trial,"In the underlined statement, what group of people is the speaker talking about?",do,"i mean, people do,",have a pet,0,people,6276:14,"People, when they"
12,single_generic_trial,"In the underlined statement, what group of people is the speaker talking about?",do seem  to travel more,people do seem  to travel more.,want to send packages,0,people,75242:4,People who
12,single_generic_trial,"In the underlined statement, what group of people is the speaker talking about?",are really concerned,"but, people are really concerned,",want to recycle cans,0,people,11134:8,People who
12,single_generic_trial,"In the underlined statement, what group of people is the speaker talking about?",think of computers,"or as far as that goes, you know, people think of computers, they think of i b m a lot of times.",have brand recognition,0,people,618:35,"People, when they"
12,single_generic_trial,"In the underlined statement, what group of people is the speaker talking about?",lie,"you know, people lie,",testify in court,0,people,14418:14,People who
12,single_generic_trial,"In the underlined statement, what group of people is the speaker talking about?",don&quotechart want  to believe that,and people don&quotechart want  to believe that.,are handling a gun,0,people,428:6,"People, when they"
12,single_generic_trial,"In the underlined statement, what group of people is the speaker talking about?",don&quotechart tend  to knock,"people don&quotechart tend  to knock,",don&quotechart respect privacy,0,people,175:4,People who
12,single_generic_trial,"In the underlined statement, what group of people is the speaker talking about?","are, real sports conscious","people are, real sports conscious and really get involved with their kids, sports activities and,",want their kids to do activities,0,people,141184:4,People who
12,single_generic_trial,"In the underlined statement, what group of people is the speaker talking about?",get very upset,"i mean, in other words if the government denies you driving, denies you a driver&quotechars license, people get very upset.",are denied a driver&quotechars license,0,people,5727:7,People who
12,single_generic_trial,"In the underlined statement, what group of people is the speaker talking about?",say that,"i mean people say that,",agree with the death penalty,0,people,158267:12,People who
12,single_generic_trial,"In the underlined statement, what group of people is the speaker talking about?","go, what&quotechars this stuff ","if it does, people go, what&quotechars this stuff .",see snow,0,people,137933:16,"People, when they"
12,single_generic_trial,"In the underlined statement, what group of people is the speaker talking about?",talk about that area,i&quotecharve heard so many people talk about that area.,live in north carolina,0,so many people,76838:19,People who
12,single_generic_trial,"In the underlined statement, what group of people is the speaker talking about?",are just totally unfeeling,people are just totally unfeeling.,assault others,0,people,22414:4,People who
12,single_generic_trial,"In the underlined statement, what group of people is the speaker talking about?",seem  to get into different aspects,i mean people seem  to get into different aspects.,tour around,0,people,6712:12,People who
13,single_generic_trial,"In the underlined statement, what group of people is the speaker talking about?",know that,and technical people know that.,go to college,1,technical people,9996:8,"People, when they"
13,single_generic_trial,"In the underlined statement, what group of people is the speaker talking about?",run in the park,"and, uh, people run in the park,",like to run,1,people,22387:13,People who
13,single_generic_trial,"In the underlined statement, what group of people is the speaker talking about?",get very upset,"i mean, in other words if the government denies you driving, denies you a driver&quotechars license, people get very upset.",want to drive,1,people,5727:7,People who
13,single_generic_trial,"In the underlined statement, what group of people is the speaker talking about?",say that,"i mean people say that,",will commit crimes,1,people,158267:12,People who
13,single_generic_trial,"In the underlined statement, what group of people is the speaker talking about?",want all of that,"but, uh people want all of that",want to buy goods,1,people,166244:11,People who
13,single_generic_trial,"In the underlined statement, what group of people is the speaker talking about?",seem  to get into different aspects,i mean people seem  to get into different aspects.,want to travel,1,people,6712:12,People who
13,single_generic_trial,"In the underlined statement, what group of people is the speaker talking about?",don&quotechart want  to believe that,and people don&quotechart want  to believe that.,believe in gun safety,1,people,428:6,People who
13,single_generic_trial,"In the underlined statement, what group of people is the speaker talking about?",do seem  to travel more,people do seem  to travel more.,who are travelling ,1,people,75242:4,People who
13,single_generic_trial,"In the underlined statement, what group of people is the speaker talking about?",are crazy,people are crazy.,have had traumatic experiences,1,people,1415:4,People who
13,single_generic_trial,"In the underlined statement, what group of people is the speaker talking about?",don&quotechart have room for that kind of stuff,you know people don&quotechart have room for that kind of stuff.,do not want to hoard items,1,people,23379:12,People who
13,single_generic_trial,"In the underlined statement, what group of people is the speaker talking about?",make mistakes,"hey, people make mistakes.",have mental illness,1,people,4811:9,People who
13,single_generic_trial,"In the underlined statement, what group of people is the speaker talking about?",don&quotechart tend  to knock,"people don&quotechart tend  to knock,",do not respect privacy,1,people,175:4,People who
13,single_generic_trial,"In the underlined statement, what group of people is the speaker talking about?",lie,"you know, people lie,",do not lie,1,people,14418:14,People who
13,single_generic_trial,"In the underlined statement, what group of people is the speaker talking about?","go, what&quotechars this stuff ","if it does, people go, what&quotechars this stuff .",who live in mississippi,1,people,137933:16,People who
13,single_generic_trial,"In the underlined statement, what group of people is the speaker talking about?","use fed ex, all the time","and nowadays people use fed ex, all the time.",work and use fedex,1,people,75236:9,People who
13,single_generic_trial,"In the underlined statement, what group of people is the speaker talking about?",don&quotechart do anything,and people don&quotechart do anything.,who do not want to get involved,1,people,116469:6,People who
13,single_generic_trial,"In the underlined statement, what group of people is the speaker talking about?",are trapped  economically,"but, of course, people are trapped  economically",do not have alot of money,1,people,24791:16,People who
13,single_generic_trial,"In the underlined statement, what group of people is the speaker talking about?",talk about that area,i&quotecharve heard so many people talk about that area.,live in north carolina,1,so many people,76838:19,People who
13,single_generic_trial,"In the underlined statement, what group of people is the speaker talking about?",do,"i mean, people do,",have pets,1,people,6276:14,People who
13,single_generic_trial,"In the underlined statement, what group of people is the speaker talking about?",are really concerned,"but, people are really concerned,",like to recycle,1,people,11134:8,People who
13,single_generic_trial,"In the underlined statement, what group of people is the speaker talking about?","are, real sports conscious","people are, real sports conscious and really get involved with their kids, sports activities and,",like to be involved with sports,1,people,141184:4,People who
13,single_generic_trial,"In the underlined statement, what group of people is the speaker talking about?",call in,"and, and, and people call in",like to review movies,1,people,733:34,People who
13,single_generic_trial,"In the underlined statement, what group of people is the speaker talking about?",are just totally unfeeling,people are just totally unfeeling.,uncaring people,1,people,22414:4,People who
13,single_generic_trial,"In the underlined statement, what group of people is the speaker talking about?",get up in the morning in that neighborhood,people get up in the morning in that neighborhood,don&quotechart care about emssion standards,1,people,11872:4,People who
13,single_generic_trial,"In the underlined statement, what group of people is the speaker talking about?",think of computers,"or as far as that goes, you know, people think of computers, they think of i b m a lot of times.",are computer literate,1,people,618:35,People who
13,single_generic_trial,"In the underlined statement, what group of people is the speaker talking about?",have little cubicles,"and, and people have little cubicles.",are at work,1,people,5957:2,People who
13,single_generic_trial,"In the underlined statement, what group of people is the speaker talking about?",find ways around,"you know, people find ways around.",trying to get by,1,people,13451:14,People who
13,single_generic_trial,"In the underlined statement, what group of people is the speaker talking about?",don&quotechart want  to take responsibility,people don&quotechart want  to take responsibility.,don&quotechart want to confess,1,people,174356:4,People who
14,single_generic_trial,"In the underlined statement, what group of people is the speaker talking about?",have little cubicles,"and, and people have little cubicles.",work in an office.,0,people,5957:2,People who
14,single_generic_trial,"In the underlined statement, what group of people is the speaker talking about?",are really concerned,"but, people are really concerned,",are concerned.,0,people,11134:8,"People, when they"
14,single_generic_trial,"In the underlined statement, what group of people is the speaker talking about?","use fed ex, all the time","and nowadays people use fed ex, all the time.",use fed ex all the time.,0,people,75236:9,People who
14,single_generic_trial,"In the underlined statement, what group of people is the speaker talking about?",make mistakes,"hey, people make mistakes.",make mistakes.,0,people,4811:9,People who
14,single_generic_trial,"In the underlined statement, what group of people is the speaker talking about?",find ways around,"you know, people find ways around.",get drugs in prison.,0,people,13451:14,People who
14,single_generic_trial,"In the underlined statement, what group of people is the speaker talking about?",want all of that,"but, uh people want all of that",want material things.,0,people,166244:11,People who
14,single_generic_trial,"In the underlined statement, what group of people is the speaker talking about?",seem  to get into different aspects,i mean people seem  to get into different aspects.,tour.,0,people,6712:12,"People, when they"
14,single_generic_trial,"In the underlined statement, what group of people is the speaker talking about?","go, what&quotechars this stuff ","if it does, people go, what&quotechars this stuff .",see snow.,0,people,137933:16,"People, when they"
14,single_generic_trial,"In the underlined statement, what group of people is the speaker talking about?",don&quotechart want  to take responsibility,people don&quotechart want  to take responsibility.,waste time and the taxpayer&quotechars money.,0,people,174356:4,People who
14,single_generic_trial,"In the underlined statement, what group of people is the speaker talking about?",know that,and technical people know that.,are technically knowledgeable.,0,technical people,9996:8,People who
14,single_generic_trial,"In the underlined statement, what group of people is the speaker talking about?",do,"i mean, people do,",have a pet in the city.,0,people,6276:14,People who
14,single_generic_trial,"In the underlined statement, what group of people is the speaker talking about?",don&quotechart do anything,and people don&quotechart do anything.,see a crime but don&quotechart do anything about it.,0,people,116469:6,"People, when they"
14,single_generic_trial,"In the underlined statement, what group of people is the speaker talking about?",get very upset,"i mean, in other words if the government denies you driving, denies you a driver&quotechars license, people get very upset.",want a driver&quotechars license.,0,people,5727:7,People who
14,single_generic_trial,"In the underlined statement, what group of people is the speaker talking about?",lie,"you know, people lie,",lie.,0,people,14418:14,People who
14,single_generic_trial,"In the underlined statement, what group of people is the speaker talking about?",don&quotechart have room for that kind of stuff,you know people don&quotechart have room for that kind of stuff.,don&quotechart have room for cans.,0,people,23379:12,People who
14,single_generic_trial,"In the underlined statement, what group of people is the speaker talking about?",don&quotechart tend  to knock,"people don&quotechart tend  to knock,",don&quotechart knock.,0,people,175:4,"People, when they"
14,single_generic_trial,"In the underlined statement, what group of people is the speaker talking about?",say that,"i mean people say that,",believe the death penalty is a deterrent.,0,people,158267:12,People who
14,single_generic_trial,"In the underlined statement, what group of people is the speaker talking about?",think of computers,"or as far as that goes, you know, people think of computers, they think of i b m a lot of times.",think of computers.,0,people,618:35,"People, when they"
14,single_generic_trial,"In the underlined statement, what group of people is the speaker talking about?","are, real sports conscious","people are, real sports conscious and really get involved with their kids, sports activities and,",are sports conscious.,0,people,141184:4,People who
14,single_generic_trial,"In the underlined statement, what group of people is the speaker talking about?",talk about that area,i&quotecharve heard so many people talk about that area.,talk about North Carolina.,0,so many people,76838:19,"People, when they"
14,single_generic_trial,"In the underlined statement, what group of people is the speaker talking about?",run in the park,"and, uh, people run in the park,",run in the park,0,people,22387:13,"People, when they"
14,single_generic_trial,"In the underlined statement, what group of people is the speaker talking about?",call in,"and, and, and people call in",call in to a movie critic&quotechars talk show.,0,people,733:34,"People, when they"
14,single_generic_trial,"In the underlined statement, what group of people is the speaker talking about?",are crazy,people are crazy.,shoot other people.,0,people,1415:4,People who
14,single_generic_trial,"In the underlined statement, what group of people is the speaker talking about?",are trapped  economically,"but, of course, people are trapped  economically",are trapped economically.,0,people,24791:16,People who
14,single_generic_trial,"In the underlined statement, what group of people is the speaker talking about?",get up in the morning in that neighborhood,people get up in the morning in that neighborhood,live in Kodak.,0,people,11872:4,People who
14,single_generic_trial,"In the underlined statement, what group of people is the speaker talking about?",do seem  to travel more,people do seem  to travel more.,use fed ex when travelling.,0,people,75242:4,"People, when they"
14,single_generic_trial,"In the underlined statement, what group of people is the speaker talking about?",are just totally unfeeling,people are just totally unfeeling.,are unfeeling.,0,people,22414:4,"People, when they"
14,single_generic_trial,"In the underlined statement, what group of people is the speaker talking about?",don&quotechart want  to believe that,and people don&quotechart want  to believe that.,don&quotechart believe a gun is loaded.,0,people,428:6,People who
